<?xml version='1.0' encoding='utf-8'?>
<!DOCTYPE hibernate-configuration PUBLIC
        "-//Hibernate/Hibernate Configuration DTD//EN"
        "http://www.hibernate.org/dtd/hibernate-configuration-3.0.dtd">
<hibernate-configuration>
    <session-factory>
        <property name="connection.url">jdbc:mysql://localhost:3306/maternity</property>
        <property name="connection.driver_class">com.mysql.cj.jdbc.Driver</property>
        <property name="connection.username">root</property>
        <property name="connection.password">root</property>
        <property name="hibernate.current_session_context_class">thread</property>
        <property name="show_sql">true</property>
        <property name="dialect">org.hibernate.dialect.MySQLDialect</property>
        <property name="hibernate.hbm2ddl.auto">update</property>
        <mapping resource="map.xml"/>
        <mapping class="org.example.maternity3.model.BabyResultTableEntity"/>
        <mapping class="org.example.maternity3.model.CategoryEntity"/>
        <mapping class="org.example.maternity3.model.ChildEntity"/>
        <mapping class="org.example.maternity3.model.PatientEntity"/>
        <mapping class="org.example.maternity3.model.PatientResultEntity"/>
        <mapping class="org.example.maternity3.model.ResultEntity"/>
        <mapping class="org.example.maternity3.model.ResultDetailsEntity"/>


        <!-- DB schema will be updated if needed -->
        <!-- <property name="hibernate.hbm2ddl.auto">update</property> -->
    </session-factory>
</hibernate-configuration>