<?xml version='1.0' encoding='utf-8'?>
<!DOCTYPE hibernate-mapping PUBLIC
    "-//Hibernate/Hibernate Mapping DTD 3.0//EN"
    "http://www.hibernate.org/dtd/hibernate-mapping-3.0.dtd">
<hibernate-mapping>

    <class name="org.example.maternity3.model.BabyResultTableEntity" table="baby_result_table" schema="maternity">
        <id name="copyId">
            <column name="copyID" sql-type="int"/>
        </id>

        <property name="value">
            <column name="value" sql-type="varchar(50)" length="50" not-null="true"/>
        </property>
        <property name="categoryName">
            <column name="Category_name" sql-type="varchar(50)" length="50" not-null="true"/>
        </property>
        <property name="resultName">
            <column name="Result_name" sql-type="varchar(50)" length="50" not-null="true"/>
        </property>
        <property name="dateTime">
            <column name="DateTime" sql-type="timestamp" not-null="true"/>
        </property>
        <many-to-one name="childByChildId" class="org.example.maternity3.model.ChildEntity">
            <column name="ChildID" not-null="true"/>
        </many-to-one>
    </class>
    <class name="org.example.maternity3.model.CategoryEntity" table="category" schema="maternity">
        <id name="categoryId">
            <column name="CategoryID" sql-type="int"/>
        </id>
        <property name="categoryName">
            <column name="Category_name" sql-type="varchar(40)" length="40" not-null="true"/>
        </property>
        <set name="resultsByCategoryId" inverse="true">
            <key>
                <column name="CategoryID" not-null="true"/>
            </key>
            <one-to-many not-found="ignore" class="org.example.maternity3.model.ResultEntity"/>
        </set>
    </class>
    <class name="org.example.maternity3.model.ChildEntity" table="child" schema="maternity">
        <id name="childId">
            <column name="ChildID" sql-type="int"/>
        </id>
        <property name="firstName">
            <column name="first_name" sql-type="varchar(40)" length="40" not-null="true"/>
        </property>
        <property name="lastName">
            <column name="last_name" sql-type="varchar(40)" length="40" not-null="true"/>
        </property>
        <property name="mrn">
            <column name="MRN" sql-type="varchar(50)" length="50"/>
        </property>
        <property name="fin">
            <column name="FIN" sql-type="varchar(50)" length="50"/>
        </property>

        <many-to-one name="patientByPatientId" class="org.example.maternity3.model.PatientEntity">
            <column name="PatientID" not-null="true"/>
        </many-to-one>
        <set name="babyResultTablesByChildId" inverse="true">
            <key>
                <column name="ChildID" not-null="true"/>
            </key>
            <one-to-many not-found="ignore" class="org.example.maternity3.model.BabyResultTableEntity"/>
        </set>
        <set name="patientResultsByChildId" inverse="true">
            <key>
                <column name="ChildID" not-null="true"/>
            </key>
            <one-to-many not-found="ignore" class="org.example.maternity3.model.PatientResultEntity"/>
        </set>
    </class>
    <class name="org.example.maternity3.model.PatientEntity" table="patient" schema="maternity">
        <id name="patientId">
            <column name="PatientID" sql-type="int"/>
        </id>
        <property name="firstName">
            <column name="first_name" sql-type="varchar(40)" length="40" not-null="true"/>
        </property>
        <property name="lastName">
            <column name="last_name" sql-type="varchar(40)" length="40" not-null="true"/>
        </property>
        <property name="mrn">
            <column name="MRN" sql-type="varchar(50)" length="50"/>
        </property>
        <property name="fin">
            <column name="FIN" sql-type="varchar(50)" length="50"/>
        </property>
        <set name="childrenByPatientId" inverse="true">
            <key>
                <column name="PatientID" not-null="true"/>
            </key>
            <one-to-many not-found="ignore" class="org.example.maternity3.model.ChildEntity"/>
        </set>
        <set name="patientResultsByPatientId" inverse="true">
            <key>
                <column name="PatientID" not-null="true"/>
            </key>
            <one-to-many not-found="ignore" class="org.example.maternity3.model.PatientResultEntity"/>
        </set>
    </class>
    <class name="org.example.maternity3.model.PatientResultEntity" table="patient_result" schema="maternity">
        <id name="patientResultId">
            <column name="Patient_resultID" sql-type="int"/>
        </id>

        <property name="value">
            <column name="value" sql-type="varchar(50)" length="50" not-null="true"/>
        </property>

        <many-to-one name="patientByPatientId" class="org.example.maternity3.model.PatientEntity">
            <column name="PatientID" not-null="true"/>
        </many-to-one>
        <many-to-one name="childByChildId" class="org.example.maternity3.model.ChildEntity">
            <column name="ChildID" not-null="true"/>
        </many-to-one>
        <set name="resultDetailsByPatientResultId" inverse="true">
            <key>
                <column name="Patient_resultID" not-null="true"/>
            </key>
            <one-to-many not-found="ignore" class="org.example.maternity3.model.ResultDetailsEntity"/>
        </set>
        <set name="resultDetailsByPatientResultId_0" inverse="true">
            <key>
                <column name="Patient_resultID" not-null="true"/>
            </key>
            <one-to-many not-found="ignore" class="org.example.maternity3.model.ResultDetailsEntity"/>
        </set>
        <set name="resultDetailsByPatientResultId_1" inverse="true">
            <key>
                <column name="Patient_resultID" not-null="true"/>
            </key>
            <one-to-many not-found="ignore" class="org.example.maternity3.model.ResultDetailsEntity"/>
        </set>
    </class>
    <class name="org.example.maternity3.model.ResultEntity" table="result" schema="maternity">
        <id name="resultId">
            <column name="ResultID" sql-type="int"/>
        </id>
        <property name="resultName">
            <column name="Result_name" sql-type="varchar(100)" length="100" not-null="true"/>
        </property>

        <many-to-one name="categoryByCategoryId" class="org.example.maternity3.model.CategoryEntity">
            <column name="CategoryID" not-null="true"/>
        </many-to-one>
        <set name="resultDetailsByResultId" inverse="true">
            <key>
                <column name="ResultID" not-null="true"/>
            </key>
            <one-to-many not-found="ignore" class="org.example.maternity3.model.ResultDetailsEntity"/>
        </set>
    </class>
    <class name="org.example.maternity3.model.ResultDetailsEntity" table="result_details" schema="maternity">
        <id name="detailsId">
            <column name="detailsID" sql-type="int"/>
        </id>


        <many-to-one name="resultByResultId" class="org.example.maternity3.model.ResultEntity">
            <column name="ResultID" not-null="true"/>
        </many-to-one>
        <many-to-one name="patientResultByPatientResultId" class="org.example.maternity3.model.PatientResultEntity">
            <column name="Patient_resultID" not-null="true"/>
        </many-to-one>

    </class>
</hibernate-mapping>